"TradeDate","TradeTime","OrderType","Symbol","Quantity","TradePrice","ChangeInPrice","Proceeds","CostBasis","FifoPnlRealized","MtmPnl","Notes/Codes","Buy/Sell","Exchange","Put/Call","CurrencyPrimary","Multiplier","Strike","SecurityIDType"
"20180317","173345","LMT","AAPL","-100","178.15","","17815","-17813.5765735","0","285","","SELL","","","USD","1","",""
"20180317","173345","LMT","AAPL","-100","178.15","0","17815","-17813.5765735","0","285","","SELL","BYX","","USD","1","",""
"20180319","132523","LMT","AAPL","-100","173.82","","17382","-17380.5865758","0","-148","","SELL","","","USD","1","",""
"20180319","132523","LMT","AAPL","-100","173.82","0","17382","-17380.5865758","0","-148","","SELL","IBDARK","","USD","1","",""
"20180328","155729","LMT","AAPL","400","167.61","","-67044","67045.8","0","-452","P","BUY","","","USD","1","",""
"20180328","155729","LMT","AAPL","200","167.61","0","-33522","33523","0","-226","P","BUY","BYX","","USD","1","",""
"20180328","155729","LMT","AAPL","200","167.61","0","-33522","33522.8","0","-226","P","BUY","IBDARK","","USD","1","",""
"20180409","161206","LMT","AAPL","100","170.3","","-17030","17031","0","-25","","BUY","","","USD","1","",""
"20180409","161206","LMT","AAPL","100","170.3","0","-17030","17031","0","-25","","BUY","IBDARK","","USD","1","",""
"20180425","110003","LMT","AAPL","60","164.99","","-9899.4","9900.4","0","-80.4","","BUY","","","USD","1","",""
"20180425","110003","LMT","AAPL","60","164.99","0","-9899.4","9900.4","0","-80.4","","BUY","IBDARK","","USD","1","",""
"20180425","112355","LMT","AAPL","60","165.05","","-9903","9904","0","-84","","BUY","","","USD","1","",""
"20180425","112355","LMT","AAPL","60","165.05","0","-9903","9904","0","-84","","BUY","IBDARK","","USD","1","",""
"20180509","110001","LMT","AAPL","-84","185.79","","15606.36","-15604.989497084","0","-131.88","","SELL","","","USD","1","",""
"20180509","110001","LMT","AAPL","-84","185.79","0","15606.36","-15604.989497084","0","-131.88","","SELL","IBDARK","","USD","1","",""
"20180509","110001","LMT","AAPL","-84","185.79","","15606.36","-15604.989497084","0","-131.88","","SELL","","","USD","1","",""
"20180509","110001","LMT","AAPL","-84","185.79","0","15606.36","-15604.989497084","0","-131.88","","SELL","IBDARK","","USD","1","",""
"20180509","110112","LMT","AAPL","-84","185.82","","15608.88","-15607.509438872","0","-129.36","","SELL","","","USD","1","",""
"20180509","110112","LMT","AAPL","-84","185.82","0","15608.88","-15607.509438872","0","-129.36","","SELL","IBDARK","","USD","1","",""
"20180509","110112","LMT","AAPL","-84","185.82","","15608.88","-15607.509438872","0","-129.36","","SELL","","","USD","1","",""
"20180509","110112","LMT","AAPL","-84","185.82","0","15608.88","-15607.509438872","0","-129.36","","SELL","IBDARK","","USD","1","",""
"20180509","110223","LMT","AAPL","-84","185.91","","15616.44","-15615.069264236","0","-121.8","","SELL","","","USD","1","",""
"20180509","110223","LMT","AAPL","-84","185.91","0","15616.44","-15615.069264236","0","-121.8","","SELL","IBDARK","","USD","1","",""
"20180509","110224","LMT","AAPL","-84","185.91","","15616.44","-15615.069264236","0","-121.8","","SELL","","","USD","1","",""
"20180509","110224","LMT","AAPL","-84","185.91","0","15616.44","-15615.069264236","0","-121.8","","SELL","IBDARK","","USD","1","",""
"20180328","160304","LMT","AMZN","10","1428.96","","-14289.6","14290.6","0","24.6","","BUY","","","USD","1","",""
"20180328","160304","LMT","AMZN","10","1428.96","0","-14289.6","14290.6","0","24.6","","BUY","IBDARK","","USD","1","",""
"20180425","110003","LMT","AMZN","2","1440.95","","-2881.9","2882.9","0","38.44","","BUY","","","USD","1","",""
"20180425","110003","LMT","AMZN","2","1440.95","0","-2881.9","2882.9","0","38.44","","BUY","IBDARK","","USD","1","",""
"20180425","112356","LMT","AMZN","2","1466.59","","-2933.18","2934.18","0","-12.84","","BUY","","","USD","1","",""
"20180425","112356","LMT","AMZN","2","1466.59","0","-2933.18","2934.18","0","-12.84","","BUY","IBDARK","","USD","1","",""
"20180509","110951","LMT","AMZN","-3","1592.68","","4778.04","-4776.929270276","0","-45.96","","SELL","","","USD","1","",""
"20180509","110951","LMT","AMZN","-3","1592.68","0","4778.04","-4776.929270276","0","-45.96","","SELL","BEX","","USD","1","",""
"20180319","132631","LMT","FB","100","172.04","","-17204","17205","0","52","","BUY","","","USD","1","",""
"20180319","132631","LMT","FB","100","172.04","0","-17204","17205","0","52","","BUY","IBDARK","","USD","1","",""
"20180425","110003","LMT","FB","20","158.17","","-3163.4","3164.4","0","30.4","","BUY","","","USD","1","",""
"20180425","110003","LMT","FB","20","158.17","0","-3163.4","3164.4","0","30.4","","BUY","IBDARK","","USD","1","",""
"20180425","112357","LMT","FB","20","159.29","","-3185.8","3186.8","0","8","","BUY","","","USD","1","",""
"20180425","112357","LMT","FB","20","159.29","0","-3185.8","3186.8","0","8","","BUY","IBDARK","","USD","1","",""
"20180509","110001","LMT","FB","-28","180.78","","5061.84","-5060.719739496","0","-52.64","","SELL","","","USD","1","",""
"20180509","110001","LMT","FB","-28","180.78","0","5061.84","-5060.719739496","0","-52.64","","SELL","IBDARK","","USD","1","",""
"20180509","110002","LMT","FB","-28","180.78","","5061.84","-5060.719739496","0","-52.64","","SELL","","","USD","1","",""
"20180509","110002","LMT","FB","-28","180.78","0","5061.84","-5060.719739496","0","-52.64","","SELL","IBDARK","","USD","1","",""
"20180509","110112","LMT","FB","-28","180.75","","5061","-5059.8797589","0","-53.48","","SELL","","","USD","1","",""
"20180509","110112","LMT","FB","-28","180.75","0","5061","-5059.8797589","0","-53.48","","SELL","IBDARK","","USD","1","",""
"20180509","110113","LMT","FB","-28","180.75","","5061","-5059.8797589","0","-53.48","","SELL","","","USD","1","",""
"20180509","110113","LMT","FB","-28","180.75","0","5061","-5059.8797589","0","-53.48","","SELL","IBDARK","","USD","1","",""
"20180509","110224","LMT","FB","-28","180.8","","5062.4","-5061.27972656","0","-52.08","","SELL","","","USD","1","",""
"20180509","110224","LMT","FB","-28","180.8","0","5062.4","-5061.27972656","0","-52.08","","SELL","IBDARK","","USD","1","",""
"20180509","110224","LMT","FB","-28","180.8","","5062.4","-5061.27972656","0","-52.08","","SELL","","","USD","1","",""
"20180509","110224","LMT","FB","-28","180.8","0","5062.4","-5061.27972656","0","-52.08","","SELL","IBDARK","","USD","1","",""
"20180405","174147","LMT","GOOG","10","1027.49","","-10274.9","10275.9","0","3.2","","BUY","","","USD","1","",""
"20180405","174147","LMT","GOOG","10","1027.49","0","-10274.9","10275.9","0","3.2","","BUY","IBDARK","","USD","1","",""
"20180405","181408","LMT","GOOG","-12","1026.03","","12312.36","-12311.074156484","0","-21.36","P","SELL","","","USD","1","",""
"20180405","181408","LMT","GOOG","-2","1026.03","0","2052.06","-2051.012359414","0","-3.56","P","SELL","ISLAND","","USD","1","",""
"20180405","181408","LMT","GOOG","-10","1026.03","0","10260.3","-10260.06179707","0","-17.8","P","SELL","ISLAND","","USD","1","",""
"20180405","191255","LMT","GOOG","100","1026.02","","-102602","102603","0","179","","BUY","","","USD","1","",""
"20180405","191255","LMT","GOOG","100","1026.02","0","-102602","102603","0","179","","BUY","ISLAND","","USD","1","",""
"20180509","110951","LMT","GOOG","20","1067.49","","-21349.8","21350.8","0","305.4","","BUY","","","USD","1","",""
"20180509","110951","LMT","GOOG","20","1067.49","0","-21349.8","21350.8","0","305.4","","BUY","IBDARK","","USD","1","",""
"20180328","154802","LMT","SATS","100","52.4","","-5240","5241","0","21","","BUY","","","USD","1","",""
"20180328","154802","LMT","SATS","100","52.4","0","-5240","5241","0","21","","BUY","IBDARK","","USD","1","",""
"20180405","200013","LMT","SATS","100","57.29","","-5729","5730","0","-273","","BUY","","","USD","1","",""
"20180405","200013","LMT","SATS","100","57.29","0","-5729","5730","0","-273","","BUY","ISLAND","","USD","1","",""
"20180405","200014","LMT","SATS","100","57.29","","-5729","5730","0","-273","","BUY","","","USD","1","",""
"20180405","200014","LMT","SATS","100","57.29","0","-5729","5730","0","-273","","BUY","ISLAND","","USD","1","",""
"20180405","200014","LMT","SATS","100","57.29","","-5729","5730","0","-273","","BUY","","","USD","1","",""
"20180405","200014","LMT","SATS","100","57.29","0","-5729","5730","0","-273","","BUY","ISLAND","","USD","1","",""
"20180405","200015","LMT","SATS","100","57.29","","-5729","5730","0","-273","","BUY","","","USD","1","",""
"20180405","200015","LMT","SATS","100","57.29","0","-5729","5730","0","-273","","BUY","ISLAND","","USD","1","",""
"20180405","200016","LMT","SATS","100","57.29","","-5729","5730","0","-273","","BUY","","","USD","1","",""
"20180405","200016","LMT","SATS","100","57.29","0","-5729","5730","0","-273","","BUY","ISLAND","","USD","1","",""
"20180405","200017","LMT","SATS","100","57.29","","-5729","5730","0","-273","","BUY","","","USD","1","",""
"20180405","200017","LMT","SATS","100","57.29","0","-5729","5730","0","-273","","BUY","ISLAND","","USD","1","",""
"20180405","200019","LMT","SATS","10","57.29","","-572.9","573.9","0","-27.3","","BUY","","","USD","1","",""
"20180405","200019","LMT","SATS","10","57.29","0","-572.9","573.9","0","-27.3","","BUY","ISLAND","","USD","1","",""
"20180405","200019","LMT","SATS","100","57.29","","-5729","5730","0","-273","","BUY","","","USD","1","",""
"20180405","200019","LMT","SATS","100","57.29","0","-5729","5730","0","-273","","BUY","ISLAND","","USD","1","",""
"20180405","200033","LMT","SATS","100","57.29","","-5729","5730","0","-273","","BUY","","","USD","1","",""
"20180405","200033","LMT","SATS","100","57.29","0","-5729","5730","0","-273","","BUY","ISLAND","","USD","1","",""
"20180405","200035","LMT","SATS","100","57.29","","-5729","5730","0","-273","","BUY","","","USD","1","",""
"20180405","200035","LMT","SATS","100","57.29","0","-5729","5730","0","-273","","BUY","ISLAND","","USD","1","",""
"20180405","200037","LMT","SATS","100","57.29","","-5729","5730","0","-273","","BUY","","","USD","1","",""
"20180405","200037","LMT","SATS","100","57.29","0","-5729","5730","0","-273","","BUY","ISLAND","","USD","1","",""
"20180405","200040","LMT","SATS","100","57.29","","-5729","5730","0","-273","","BUY","","","USD","1","",""
"20180405","200040","LMT","SATS","100","57.29","0","-5729","5730","0","-273","","BUY","ISLAND","","USD","1","",""
"20180405","200046","LMT","SATS","100","57.29","","-5729","5730","0","-273","","BUY","","","USD","1","",""
"20180405","200046","LMT","SATS","100","57.29","0","-5729","5730","0","-273","","BUY","ISLAND","","USD","1","",""
"20180405","200047","LMT","SATS","100","57.76","","-5776","5777","0","-320","","BUY","","","USD","1","",""
"20180405","200047","LMT","SATS","100","57.76","0","-5776","5777","0","-320","","BUY","ISLAND","","USD","1","",""
"20180405","200048","LMT","SATS","10","57.29","","-572.9","573.9","0","-27.3","","BUY","","","USD","1","",""
"20180405","200048","LMT","SATS","10","57.29","0","-572.9","573.9","0","-27.3","","BUY","ISLAND","","USD","1","",""
"20180405","200051","LMT","SATS","100","57.29","","-5729","5730","0","-273","","BUY","","","USD","1","",""
"20180405","200051","LMT","SATS","100","57.29","0","-5729","5730","0","-273","","BUY","ISLAND","","USD","1","",""
"20180405","200058","LMT","SATS","100","57.29","","-5729","5730","0","-273","","BUY","","","USD","1","",""
"20180405","200058","LMT","SATS","100","57.29","0","-5729","5730","0","-273","","BUY","ISLAND","","USD","1","",""
"20180406","102738","LMT","SATS","-100","54.15","","5415","-5413.8630135","0","44","","SELL","","","USD","1","",""
"20180406","102738","LMT","SATS","-100","54.15","0","5415","-5413.8630135","0","44","","SELL","BYX","","USD","1","",""
"20180406","103005","LMT","SATS","-100","54.28","","5428","-5426.8627132","0","57","","SELL","","","USD","1","",""
"20180406","103005","LMT","SATS","-100","54.28","0","5428","-5426.8627132","0","57","","SELL","IBDARK","","USD","1","",""
"20180406","103311","LMT","SATS","-100","54.21","","5421","-5419.8628749","0","50","","SELL","","","USD","1","",""
"20180406","103311","LMT","SATS","-100","54.21","0","5421","-5419.8628749","0","50","","SELL","IBDARK","","USD","1","",""
"20180406","103826","LMT","SATS","-100","54.26","","5426","-5424.8627594","0","55","","SELL","","","USD","1","",""
"20180406","103826","LMT","SATS","-100","54.26","0","5426","-5424.8627594","0","55","","SELL","IBDARK","","USD","1","",""
"20180406","103939","LMT","SATS","-100","54.26","","5426","-5424.8627594","0","55","","SELL","","","USD","1","",""
"20180406","103939","LMT","SATS","-100","54.26","0","5426","-5424.8627594","0","55","","SELL","IBDARK","","USD","1","",""
"20180406","104956","LMT","SATS","-100","54.28","","5428","-5426.8627132","0","57","","SELL","","","USD","1","",""
"20180406","104956","LMT","SATS","-100","54.28","0","5428","-5426.8627132","0","57","","SELL","IBDARK","","USD","1","",""
"20180406","105836","LMT","SATS","-100","54.29","","5429","-5427.8626901","0","58","","SELL","","","USD","1","",""
"20180406","105836","LMT","SATS","-100","54.29","0","5429","-5427.8626901","0","58","","SELL","IBDARK","","USD","1","",""
"20180406","200049","LMT","SATS","-100","51.02","","5102","-5100.8702438","0","-269","","SELL","","","USD","1","",""
"20180406","200049","LMT","SATS","-100","51.02","0","5102","-5100.8702438","0","-269","","SELL","ISLAND","","USD","1","",""
"20180409","101450","LMT","SATS","-100","54.25","","5425","-5423.8627825","0","8","","SELL","","","USD","1","",""
"20180409","101450","LMT","SATS","-100","54.25","0","5425","-5423.8627825","0","8","","SELL","IBDARK","","USD","1","",""
"20180409","102543","LMT","SATS","-100","54.19","","5419","-5417.8629211","0","2","","SELL","","","USD","1","",""
"20180409","102543","LMT","SATS","-100","54.19","0","5419","-5417.8629211","0","2","","SELL","ISLAND","","USD","1","",""
"20180409","102950","LMT","SATS","-100","54.21","","5421","-5419.8628749","0","4","","SELL","","","USD","1","",""
"20180409","102950","LMT","SATS","-100","54.21","0","5421","-5419.8628749","0","4","","SELL","IBDARK","","USD","1","",""
"20180409","103709","LMT","SATS","-100","54.17","","5417","-5415.8629673","0","0","","SELL","","","USD","1","",""
"20180409","103709","LMT","SATS","-100","54.17","0","5417","-5415.8629673","0","0","","SELL","IBDARK","","USD","1","",""
"20180409","103951","LMT","SATS","-100","54.18","","5418","-5416.8629442","0","1","","SELL","","","USD","1","",""
"20180409","103951","LMT","SATS","-100","54.18","0","5418","-5416.8629442","0","1","","SELL","IBDARK","","USD","1","",""
"20180409","105950","LMT","SATS","-100","54.39","","5439","-5437.8624591","0","22","","SELL","","","USD","1","",""
"20180409","105950","LMT","SATS","-100","54.39","0","5439","-5437.8624591","0","22","","SELL","ISLAND","","USD","1","",""
"20180409","110436","LMT","SATS","-100","54.38","","5438","-5436.8624822","0","21","","SELL","","","USD","1","",""
"20180409","110436","LMT","SATS","-100","54.38","0","5438","-5436.8624822","0","21","","SELL","IBDARK","","USD","1","",""
"20180409","110808","LMT","SATS","-100","54.38","","5438","-5436.8624822","0","21","","SELL","","","USD","1","",""
"20180409","110808","LMT","SATS","-100","54.38","0","5438","-5436.8624822","0","21","","SELL","IBDARK","","USD","1","",""
"20180409","111932","LMT","SATS","-100","54.4","","5440","-5438.862436","0","23","P","SELL","","","USD","1","",""
"20180409","111932","LMT","SATS","-20","54.4","0","1088","-1086.9724872","0","4.6","P","SELL","IBDARK","","USD","1","",""
"20180409","111932","LMT","SATS","-80","54.4","0","4352","-4351.8899488","0","18.4","P","SELL","IBDARK","","USD","1","",""
"20180409","151103","LMT","SATS","-100","54.59","","5459","-5457.8619971","0","42","","SELL","","","USD","1","",""
"20180409","151103","LMT","SATS","-100","54.59","0","5459","-5457.8619971","0","42","","SELL","IBDARK","","USD","1","",""
"20180409","153808","LMT","SATS","-100","54.17","","5417","-5415.8629673","0","0","","SELL","","","USD","1","",""
"20180409","153808","LMT","SATS","-100","54.17","0","5417","-5415.8629673","0","0","","SELL","IBDARK","","USD","1","",""
"20180418","140929","LMT","SATS","-100","55.98","","5598","-5596.8587862","0","32","","SELL","","","USD","1","",""
"20180418","140929","LMT","SATS","-100","55.98","0","5598","-5596.8587862","0","32","","SELL","BEX","","USD","1","",""
"20180418","141258","LMT","SATS","-100","55.98","","5598","-5596.8587862","0","32","","SELL","","","USD","1","",""
"20180418","141258","LMT","SATS","-100","55.98","0","5598","-5596.8587862","0","32","","SELL","IBDARK","","USD","1","",""
"20180418","174822","LMT","SATS","-100","52.87","","5287","-5285.8659703","0","-279","","SELL","","","USD","1","",""
"20180418","174822","LMT","SATS","-100","52.87","0","5287","-5285.8659703","0","-279","","SELL","ISLAND","","USD","1","",""
"20180418","200040","LMT","SATS","-100","52.87","","5287","-5285.8659703","0","-279","","SELL","","","USD","1","",""
"20180418","200040","LMT","SATS","-100","52.87","0","5287","-5285.8659703","0","-279","","SELL","ISLAND","","USD","1","",""
"20180509","110017","LMT","SATS","-1","51.21","","51.21","-50.208698049","0","-0.24","","SELL","","","USD","1","",""
"20180509","110017","LMT","SATS","-1","51.21","0","51.21","-50.208698049","0","-0.24","","SELL","IBDARK","","USD","1","",""
"20180328","155926","LMT","TSLA","100","259.51","","-25951","25952","0","-173","","BUY","","","USD","1","",""
"20180328","155926","LMT","TSLA","100","259.51","0","-25951","25952","0","-173","","BUY","IBDARK","","USD","1","",""
"20180328","175637","LMT","TSLA","-100","255.21","","25521","-25519.3985649","0","-257","","SELL","","","USD","1","",""
"20180328","175637","LMT","TSLA","-100","255.21","0","25521","-25519.3985649","0","-257","","SELL","ISLAND","","USD","1","",""
"20180403","102157","LMT","GOOG  180518C01000000","-10","51","","51000","-50990.9239","0","-5207.6","","SELL","","C","USD","100","1000",""
"20180403","102157","LMT","GOOG  180518C01000000","-10","51","0","51000","-50990.9239","0","-5207.6","","SELL","BOX","C","USD","100","1000",""
"20180403","102412","LMT","GOOG  180518C01000000","-10","50.3","","50300","-50290.94007","0","-5907.6","P","SELL","","C","USD","100","1000",""
"20180403","102412","LMT","GOOG  180518C01000000","-1","50.3","0","5030","-5028.794007","0","-590.76","P","SELL","ISE","C","USD","100","1000",""
"20180403","102412","LMT","GOOG  180518C01000000","-3","50.3","0","15090","-15087.582021","0","-1772.28","P","SELL","BOX","C","USD","100","1000",""
"20180403","102412","LMT","GOOG  180518C01000000","-3","50.3","0","15090","-15087.282021","0","-1772.28","P","SELL","MIAX","C","USD","100","1000",""
"20180403","102412","LMT","GOOG  180518C01000000","-3","50.3","0","15090","-15087.282021","0","-1772.28","P","SELL","PHLX","C","USD","100","1000",""
"20180403","114723","LMT","GOOG  180518C01000000","-10","54.6","","54600","-54590.84074","0","-1607.6","","SELL","","C","USD","100","1000",""
"20180403","114723","LMT","GOOG  180518C01000000","-10","54.6","0","54600","-54590.84074","0","-1607.6","","SELL","BOX","C","USD","100","1000",""
"20180403","121455","LMT","GOOG  180518C01000000","-10","51.2","","51200","-51190.91928","0","-5007.6","P","SELL","","C","USD","100","1000",""
"20180403","121455","LMT","GOOG  180518C01000000","-5","51.2","0","25600","-25595.45964","0","-2503.8","P","SELL","MIAX","C","USD","100","1000",""
"20180403","121455","LMT","GOOG  180518C01000000","-5","51.2","0","25600","-25595.45964","0","-2503.8","P","SELL","BOX","C","USD","100","1000",""
"20180403","140544","LMT","GOOG  180518C01000000","10","51.5","","-51500","51509.568","0","4707.6","P","BUY","","C","USD","100","1000",""
"20180403","140544","LMT","GOOG  180518C01000000","1","51.5","0","-5150","5151.0878","0","470.76","P","BUY","ISE","C","USD","100","1000",""
"20180403","140544","LMT","GOOG  180518C01000000","1","51.5","0","-5150","5150.4878","0","470.76","P","BUY","BOX","C","USD","100","1000",""
"20180403","140544","LMT","GOOG  180518C01000000","1","51.5","0","-5150","5150.7778","0","470.76","P","BUY","EDGX","C","USD","100","1000",""
"20180403","140544","LMT","GOOG  180518C01000000","1","51.5","0","-5150","5150.7878","0","470.76","P","BUY","MIAX","C","USD","100","1000",""
"20180403","140544","LMT","GOOG  180518C01000000","1","51.5","0","-5150","5150.7878","0","470.76","P","BUY","CBOE","C","USD","100","1000",""
"20180403","140544","LMT","GOOG  180518C01000000","1","51.5","0","-5150","5151.6378","0","470.76","P","BUY","PSE","C","USD","100","1000",""
"20180403","140544","LMT","GOOG  180518C01000000","1","51.5","0","-5150","5150.7878","0","470.76","P","BUY","MERCURY","C","USD","100","1000",""
"20180403","140544","LMT","GOOG  180518C01000000","1","51.5","0","-5150","5150.7878","0","470.76","P","BUY","PHLX","C","USD","100","1000",""
"20180403","140544","LMT","GOOG  180518C01000000","1","51.5","0","-5150","5150.7878","0","470.76","P","BUY","AMEX","C","USD","100","1000",""
"20180403","140544","LMT","GOOG  180518C01000000","1","51.5","0","-5150","5151.6378","0","470.76","P","BUY","CBOE2","C","USD","100","1000",""
"20180403","140559","LMT","GOOG  180518C01000000","-10","50.655","","50655","-50649.9318695","0","-5552.6","P","SELL","","C","USD","100","1000",""
"20180403","140559","LMT","GOOG  180518C01000000","-5","50.31","0","25155","-25154.4699195","0","-2948.8","P","SELL","NASDAQOM","C","USD","100","1000",""
"20180403","140600","LMT","GOOG  180518C01000000","-5","51","0","25500","-25495.46195","0","-2603.8","P","SELL","BOX","C","USD","100","1000",""
"20180403","141301","LMT","GOOG  180518C01000000","10","52.1","","-52100","52107.878","0","4107.6","P","BUY","","C","USD","100","1000",""
"20180403","141301","LMT","GOOG  180518C01000000","2","52.1","0","-10420","10421.5756","0","821.52","P","BUY","BOX","C","USD","100","1000",""
"20180403","141301","LMT","GOOG  180518C01000000","2","52.1","0","-10420","10421.5756","0","821.52","P","BUY","CBOE","C","USD","100","1000",""
"20180403","141301","LMT","GOOG  180518C01000000","2","52.1","0","-10420","10421.5756","0","821.52","P","BUY","ISE","C","USD","100","1000",""
"20180403","141301","LMT","GOOG  180518C01000000","2","52.1","0","-10420","10421.5756","0","821.52","P","BUY","MIAX","C","USD","100","1000",""
"20180403","141301","LMT","GOOG  180518C01000000","2","52.1","0","-10420","10421.5756","0","821.52","P","BUY","PHLX","C","USD","100","1000",""
"20180403","163249","LMT","GOOG  180518C01000000","10","56.7","","-56700","56707.878","0","-492.4","P","BUY","","C","USD","100","1000",""
"20180403","163249","LMT","GOOG  180518C01000000","2","56.7","0","-11340","11341.5756","0","-98.48","P","BUY","MIAX","C","USD","100","1000",""
"20180403","163249","LMT","GOOG  180518C01000000","2","56.7","0","-11340","11341.5756","0","-98.48","P","BUY","ISE","C","USD","100","1000",""
"20180403","163249","LMT","GOOG  180518C01000000","2","56.7","0","-11340","11341.5756","0","-98.48","P","BUY","PHLX","C","USD","100","1000",""
"20180403","163249","LMT","GOOG  180518C01000000","2","56.7","0","-11340","11341.5756","0","-98.48","P","BUY","BOX","C","USD","100","1000",""
"20180403","163249","LMT","GOOG  180518C01000000","2","56.7","0","-11340","11341.5756","0","-98.48","P","BUY","CBOE","C","USD","100","1000",""
"20180403","163536","LMT","GOOG  180518C01000000","10","56.7","","-56700","56707.878","0","-492.4","P","BUY","","C","USD","100","1000",""
"20180403","163536","LMT","GOOG  180518C01000000","2","56.7","0","-11340","11341.5756","0","-98.48","P","BUY","CBOE","C","USD","100","1000",""
"20180403","163536","LMT","GOOG  180518C01000000","2","56.7","0","-11340","11341.5756","0","-98.48","P","BUY","BOX","C","USD","100","1000",""
"20180403","163536","LMT","GOOG  180518C01000000","2","56.7","0","-11340","11341.5756","0","-98.48","P","BUY","MIAX","C","USD","100","1000",""
"20180403","163536","LMT","GOOG  180518C01000000","2","56.7","0","-11340","11341.5756","0","-98.48","P","BUY","ISE","C","USD","100","1000",""
"20180403","163536","LMT","GOOG  180518C01000000","2","56.7","0","-11340","11341.5756","0","-98.48","P","BUY","PHLX","C","USD","100","1000",""
"20180404","163744","LMT","GOOG  180518C01000000","10","61.5","","-61500","61503.878","0","-603.4","P","BUY","","C","USD","100","1000",""
"20180404","163744","LMT","GOOG  180518C01000000","5","61.5","0","-30750","30753.939","0","-301.7","P","BUY","BOX","C","USD","100","1000",""
"20180404","163744","LMT","GOOG  180518C01000000","5","61.5","0","-30750","30749.939","0","-301.7","P","BUY","NASDAQBX","C","USD","100","1000",""
"20180404","164059","LMT","GOOG  180518C01000000","10","61.5","","-61500","61503.878","0","-603.4","P","BUY","","C","USD","100","1000",""
"20180404","164059","LMT","GOOG  180518C01000000","5","61.5","0","-30750","30753.939","0","-301.7","P","BUY","BOX","C","USD","100","1000",""
"20180404","164059","LMT","GOOG  180518C01000000","5","61.5","0","-30750","30749.939","0","-301.7","P","BUY","NASDAQBX","C","USD","100","1000",""
"20180405","120804","LMT","GOOG  180518C01000000","10","68.3","","-68300","68299.878","0","-6866","","BUY","","C","USD","100","1000",""
"20180405","120804","LMT","GOOG  180518C01000000","10","68.3","0","-68300","68299.878","0","-6866","","BUY","BOX","C","USD","100","1000",""
"20180425","111427","LMT","GOOG  180518C01035000","-100","21.1","","211000","-210949.9059","0","21296","P","SELL","","C","USD","100","1035",""
"20180425","111427","LMT","GOOG  180518C01035000","-42","21.1","0","88620","-88618.381278","0","8944.32","P","SELL","NASDAQBX","C","USD","100","1035",""
"20180425","111427","LMT","GOOG  180518C01035000","-42","21.1","0","88620","-88584.781278","0","8944.32","P","SELL","BOX","C","USD","100","1035",""
"20180425","111427","LMT","GOOG  180518C01035000","-16","21.1","0","33760","-33746.743344","0","3407.36","P","SELL","EDGX","C","USD","100","1035",""
"20180509","110015","LMT","GOOG  180518C01035000","-100","40.1","","401000","-400911.7569","0","-99151","P","SELL","","C","USD","100","1035",""
"20180509","110015","LMT","GOOG  180518C01035000","-50","40.1","0","200500","-200455.87845","0","-49575.5","P","SELL","MIAX","C","USD","100","1035",""
"20180509","110015","LMT","GOOG  180518C01035000","-50","40.1","0","200500","-200455.87845","0","-49575.5","P","SELL","PHLX","C","USD","100","1035",""
"20180405","120751","LMT","GOOG  180518C01040000","10","44.1","","-44100","44107.878","0","-4614.7","","BUY","","C","USD","100","1040",""
"20180405","120751","LMT","GOOG  180518C01040000","10","44.1","0","-44100","44107.878","0","-4614.7","","BUY","BOX","C","USD","100","1040",""
"20180405","121121","LMT","GOOG  180518C01040000","10","44.6","","-44600","44607.878","0","-5114.7","","BUY","","C","USD","100","1040",""
"20180405","121121","LMT","GOOG  180518C01040000","10","44.6","0","-44600","44607.878","0","-5114.7","","BUY","BOX","C","USD","100","1040",""
"20180405","152604","LMT","GOOG  180518C01040000","10","42.6","","-42600","42607.878","0","-3114.7","","BUY","","C","USD","100","1040",""
"20180405","152604","LMT","GOOG  180518C01040000","10","42.6","0","-42600","42607.878","0","-3114.7","","BUY","BOX","C","USD","100","1040",""
"20180405","152747","LMT","GOOG  180518C01040000","10","42.5","","-42500","42507.878","0","-3014.7","","BUY","","C","USD","100","1040",""
"20180405","152747","LMT","GOOG  180518C01040000","10","42.5","0","-42500","42507.878","0","-3014.7","","BUY","BOX","C","USD","100","1040",""
"20180405","152834","LMT","GOOG  180518C01040000","10","42.9","","-42900","42907.878","0","-3414.7","","BUY","","C","USD","100","1040",""
"20180405","152834","LMT","GOOG  180518C01040000","10","42.9","0","-42900","42907.878","0","-3414.7","","BUY","BOX","C","USD","100","1040",""
"20180405","153758","LMT","GOOG  180518C01040000","10","42.2","","-42200","42207.878","0","-2714.7","","BUY","","C","USD","100","1040",""
"20180405","153758","LMT","GOOG  180518C01040000","10","42.2","0","-42200","42207.878","0","-2714.7","","BUY","BOX","C","USD","100","1040",""
"20180405","172717","LMT","GOOG  180518C01040000","100","39.574","","-395740","395743.78","0","-87981","P","BUY","","C","USD","100","1040",""
"20180405","172717","LMT","GOOG  180518C01040000","2","39.1","0","-7820","7820.0756","0","-1664.82","P","BUY","GEMINI","C","USD","100","1040",""
"20180405","175928","LMT","GOOG  180518C01040000","3","39.4","0","-11820","11820.1134","0","-2587.23","P","BUY","GEMINI","C","USD","100","1040",""
"20180405","180008","LMT","GOOG  180518C01040000","6","39.5","0","-23700","23700.2268","0","-5234.46","P","BUY","GEMINI","C","USD","100","1040",""
"20180405","180107","LMT","GOOG  180518C01040000","7","39.6","0","-27720","27720.2646","0","-6176.87","P","BUY","GEMINI","C","USD","100","1040",""
"20180405","180156","LMT","GOOG  180518C01040000","8","39.6","0","-31680","31680.3024","0","-7059.28","P","BUY","GEMINI","C","USD","100","1040",""
"20180405","180212","LMT","GOOG  180518C01040000","6","39.6","0","-23760","23760.2268","0","-5294.46","P","BUY","GEMINI","C","USD","100","1040",""
"20180405","180258","LMT","GOOG  180518C01040000","6","39.6","0","-23760","23760.2268","0","-5294.46","P","BUY","GEMINI","C","USD","100","1040",""
"20180405","180317","LMT","GOOG  180518C01040000","8","39.6","0","-31680","31680.3024","0","-7059.28","P","BUY","GEMINI","C","USD","100","1040",""
"20180405","180404","LMT","GOOG  180518C01040000","5","39.6","0","-19800","19800.189","0","-4412.05","P","BUY","GEMINI","C","USD","100","1040",""
"20180405","180414","LMT","GOOG  180518C01040000","7","39.6","0","-27720","27720.2646","0","-6176.87","P","BUY","GEMINI","C","USD","100","1040",""
"20180405","180509","LMT","GOOG  180518C01040000","8","39.6","0","-31680","31680.3024","0","-7059.28","P","BUY","GEMINI","C","USD","100","1040",""
"20180405","180526","LMT","GOOG  180518C01040000","7","39.6","0","-27720","27720.2646","0","-6176.87","P","BUY","GEMINI","C","USD","100","1040",""
"20180405","180621","LMT","GOOG  180518C01040000","6","39.6","0","-23760","23760.2268","0","-5294.46","P","BUY","GEMINI","C","USD","100","1040",""
"20180405","180632","LMT","GOOG  180518C01040000","7","39.6","0","-27720","27720.2646","0","-6176.87","P","BUY","GEMINI","C","USD","100","1040",""
"20180405","180730","LMT","GOOG  180518C01040000","5","39.6","0","-19800","19800.189","0","-4412.05","P","BUY","GEMINI","C","USD","100","1040",""
"20180405","180741","LMT","GOOG  180518C01040000","7","39.6","0","-27720","27720.2646","0","-6176.87","P","BUY","GEMINI","C","USD","100","1040",""
"20180405","180832","LMT","GOOG  180518C01040000","2","39.4","0","-7880","7880.0756","0","-1724.82","P","BUY","GEMINI","C","USD","100","1040",""
"20180405","173958","LMT","GOOG  180518C01040000","10","39.9","","-39900","39907.878","0","-9124.1","P","BUY","","C","USD","100","1040",""
"20180405","173958","LMT","GOOG  180518C01040000","2","39.9","0","-7980","7981.5756","0","-1824.82","P","BUY","CBOE","C","USD","100","1040",""
"20180405","173958","LMT","GOOG  180518C01040000","2","39.9","0","-7980","7981.5756","0","-1824.82","P","BUY","BOX","C","USD","100","1040",""
"20180405","173958","LMT","GOOG  180518C01040000","2","39.9","0","-7980","7981.5756","0","-1824.82","P","BUY","ISE","C","USD","100","1040",""
"20180405","173958","LMT","GOOG  180518C01040000","2","39.9","0","-7980","7981.5756","0","-1824.82","P","BUY","PHLX","C","USD","100","1040",""
"20180405","173958","LMT","GOOG  180518C01040000","2","39.9","0","-7980","7981.5756","0","-1824.82","P","BUY","MIAX","C","USD","100","1040",""
"20180402","153802","LMT","GEZ8","10","97.53","","-2438250","2438271.2","0","-875","","BUY","","","USD","2500","",""
"20180402","153802","LMT","GEZ8","10","97.53","0","-2438250","2438271.2","0","-875","","BUY","GLOBEX","","USD","2500","",""
"20180402","153918","LMT","GEZ8","10","97.53","","-2438250","2438271.2","0","-875","","BUY","","","USD","2500","",""
"20180402","153918","LMT","GEZ8","10","97.53","0","-2438250","2438271.2","0","-875","","BUY","GLOBEX","","USD","2500","",""
"20180402","153954","LMT","GEZ8","10","97.535","","-2438375","2438396.2","0","-1000","","BUY","","","USD","2500","",""
"20180402","153954","LMT","GEZ8","10","97.535","0","-2438375","2438396.2","0","-1000","","BUY","GLOBEX","","USD","2500","",""
"20180402","154130","LMT","GEZ8","10","97.53","","-2438250","2438271.2","0","-875","","BUY","","","USD","2500","",""
"20180402","154130","LMT","GEZ8","10","97.53","0","-2438250","2438271.2","0","-875","","BUY","GLOBEX","","USD","2500","",""
"20180402","154838","LMT","GEZ8","10","97.53","","-2438250","2438271.2","0","-875","","BUY","","","USD","2500","",""
"20180402","154838","LMT","GEZ8","10","97.53","0","-2438250","2438271.2","0","-875","","BUY","GLOBEX","","USD","2500","",""
"20180402","155152","LMT","GEZ8","10","97.53","","-2438250","2438271.2","0","-875","","BUY","","","USD","2500","",""
"20180402","155152","LMT","GEZ8","10","97.53","0","-2438250","2438271.2","0","-875","","BUY","GLOBEX","","USD","2500","",""
"20180402","155205","LMT","GEZ8","10","97.53","","-2438250","2438271.2","0","-875","","BUY","","","USD","2500","",""
"20180402","155205","LMT","GEZ8","10","97.53","0","-2438250","2438271.2","0","-875","","BUY","GLOBEX","","USD","2500","",""
"20180402","155608","LMT","GEZ8","10","97.525","","-2438125","2438146.2","0","-750","","BUY","","","USD","2500","",""
"20180402","155608","LMT","GEZ8","10","97.525","0","-2438125","2438146.2","0","-750","","BUY","GLOBEX","","USD","2500","",""
"20180402","155930","LMT","GEZ8","10","97.525","","-2438125","2438146.2","0","-750","","BUY","","","USD","2500","",""
"20180402","155930","LMT","GEZ8","10","97.525","0","-2438125","2438146.2","0","-750","","BUY","GLOBEX","","USD","2500","",""
"20180402","160059","LMT","GEZ8","10","97.525","","-2438125","2438146.2","0","-750","","BUY","","","USD","2500","",""
"20180402","160059","LMT","GEZ8","10","97.525","0","-2438125","2438146.2","0","-750","","BUY","GLOBEX","","USD","2500","",""
"20180402","160149","LMT","GEZ8","10","97.525","","-2438125","2438146.2","0","-750","","BUY","","","USD","2500","",""
"20180402","160149","LMT","GEZ8","10","97.525","0","-2438125","2438146.2","0","-750","","BUY","GLOBEX","","USD","2500","",""
"20180402","160421","LMT","GEZ8","10","97.525","","-2438125","2438146.2","0","-750","","BUY","","","USD","2500","",""
"20180402","160421","LMT","GEZ8","10","97.525","0","-2438125","2438146.2","0","-750","","BUY","GLOBEX","","USD","2500","",""
"20180402","160824","LMT","GEZ8","10","97.525","","-2438125","2438146.2","0","-750","","BUY","","","USD","2500","",""
"20180402","160824","LMT","GEZ8","10","97.525","0","-2438125","2438146.2","0","-750","","BUY","GLOBEX","","USD","2500","",""
"20180402","162349","LMT","GEZ8","10","97.525","","-2438125","2438146.2","0","-750","","BUY","","","USD","2500","",""
"20180402","162349","LMT","GEZ8","10","97.525","0","-2438125","2438146.2","0","-750","","BUY","GLOBEX","","USD","2500","",""
"20180402","163226","LMT","GEZ8","10","97.525","","-2438125","2438146.2","0","-750","","BUY","","","USD","2500","",""
"20180402","163226","LMT","GEZ8","10","97.525","0","-2438125","2438146.2","0","-750","","BUY","GLOBEX","","USD","2500","",""
"20180402","163646","LMT","GEZ8","10","97.525","","-2438125","2438146.2","0","-750","","BUY","","","USD","2500","",""
"20180402","163646","LMT","GEZ8","10","97.525","0","-2438125","2438146.2","0","-750","","BUY","GLOBEX","","USD","2500","",""
"20180402","164029","LMT","GEZ8","-10","97.52","","2438000","-2437978.8","0","625","","SELL","","","USD","2500","",""
"20180402","164029","LMT","GEZ8","-10","97.52","0","2438000","-2437978.8","0","625","","SELL","GLOBEX","","USD","2500","",""
"20180402","164620","LMT","GEZ8","-10","97.52","","2438000","-2437978.8","0","625","","SELL","","","USD","2500","",""
"20180402","164620","LMT","GEZ8","-10","97.52","0","2438000","-2437978.8","0","625","","SELL","GLOBEX","","USD","2500","",""
"20180402","165641","LMT","GEZ8","-10","97.52","","2438000","-2437978.8","0","625","","SELL","","","USD","2500","",""
"20180402","165641","LMT","GEZ8","-10","97.52","0","2438000","-2437978.8","0","625","","SELL","GLOBEX","","USD","2500","",""
"20180402","170610","LMT","GEZ8","10","97.525","","-2438125","2438146.2","0","-750","","BUY","","","USD","2500","",""
"20180402","170610","LMT","GEZ8","10","97.525","0","-2438125","2438146.2","0","-750","","BUY","GLOBEX","","USD","2500","",""
"20180402","171234","LMT","GEZ8","10","97.53","","-2438250","2438271.2","0","-875","","BUY","","","USD","2500","",""
"20180402","171234","LMT","GEZ8","10","97.53","0","-2438250","2438271.2","0","-875","","BUY","GLOBEX","","USD","2500","",""
"20180402","173605","LMT","GEZ8","10","97.53","","-2438250","2438271.2","0","-875","","BUY","","","USD","2500","",""
"20180402","173605","LMT","GEZ8","10","97.53","0","-2438250","2438271.2","0","-875","","BUY","GLOBEX","","USD","2500","",""
"20180402","175500","LMT","GEZ8","10","97.53","","-2438250","2438271.2","0","-875","","BUY","","","USD","2500","",""
"20180402","175500","LMT","GEZ8","10","97.53","0","-2438250","2438271.2","0","-875","","BUY","GLOBEX","","USD","2500","",""
"20180402","175500","LMT","GEZ8","10","97.53","","-2438250","2438271.2","0","-875","","BUY","","","USD","2500","",""
"20180402","175500","LMT","GEZ8","10","97.53","0","-2438250","2438271.2","0","-875","","BUY","GLOBEX","","USD","2500","",""
"20180403","100419","LMT","GEZ8","10","97.51","","-2437750","2437771.2","0","-375","","BUY","","","USD","2500","",""
"20180403","100419","LMT","GEZ8","10","97.51","0","-2437750","2437771.2","0","-375","","BUY","GLOBEX","","USD","2500","",""
"20180403","100532","LMT","GEZ8","-10","97.505","","2437625","-2437603.8","0","250","","SELL","","","USD","2500","",""
"20180403","100532","LMT","GEZ8","-10","97.505","0","2437625","-2437603.8","0","250","","SELL","GLOBEX","","USD","2500","",""
"20180403","100739","LMT","GEZ8","-10","97.505","","2437625","-2437603.8","0","250","","SELL","","","USD","2500","",""
"20180403","100739","LMT","GEZ8","-10","97.505","0","2437625","-2437603.8","0","250","","SELL","GLOBEX","","USD","2500","",""
"20180403","101001","LMT","GEZ8","-10","97.505","","2437625","-2437603.8","0","250","","SELL","","","USD","2500","",""
"20180403","101001","LMT","GEZ8","-10","97.505","0","2437625","-2437603.8","0","250","","SELL","GLOBEX","","USD","2500","",""
"20180405","121054","LMT","GEZ8","-160","97.47","","38988000","-38987660.8","0","0","","SELL","","","USD","2500","",""
"20180405","121054","LMT","GEZ8","-160","97.47","0","38988000","-38987660.8","0","0","","SELL","GLOBEX","","USD","2500","",""
"20180406","080007","LMT","T 2 1/4 03/31/21","100000","99.46875","","-99468.75","99513.75","0","85.938","","BUY","","","USD","1","",""
"20180406","080007","LMT","T 2 1/4 03/31/21","100000","99.46875","0","-99468.75","99513.75","0","85.938","","BUY","BONDDESKG","","USD","1","",""
"20180406","080008","LMT","T 2 1/4 03/31/21","100000","99.46875","","-99468.75","99513.75","0","85.938","","BUY","","","USD","1","",""
"20180406","080008","LMT","T 2 1/4 03/31/21","100000","99.46875","0","-99468.75","99513.75","0","85.938","","BUY","BONDDESKG","","USD","1","",""
"20180406","080008","LMT","T 2 1/4 03/31/21","100000","99.46875","","-99468.75","99513.75","0","85.938","","BUY","","","USD","1","",""
"20180406","080008","LMT","T 2 1/4 03/31/21","100000","99.46875","0","-99468.75","99513.75","0","85.938","","BUY","BONDDESKG","","USD","1","",""
"20180406","102633","LMT","T 2 1/4 03/31/21","100000","99.51562","","-99515.62","99535.62","0","39.068","","BUY","","","USD","1","",""
"20180406","102633","LMT","T 2 1/4 03/31/21","100000","99.51562","0","-99515.62","99535.62","0","39.068","","BUY","BARCBONDG","","USD","1","",""
"20180406","102912","LMT","T 2 1/4 03/31/21","100000","99.51562","","-99515.62","99535.62","0","39.068","","BUY","","","USD","1","",""
"20180406","102912","LMT","T 2 1/4 03/31/21","100000","99.51562","0","-99515.62","99535.62","0","39.068","","BUY","BARCBONDG","","USD","1","",""
"20180406","102912","LMT","T 2 1/4 03/31/21","-100000","99.48047","","99480.47","-99459.72","0","-74.218","","SELL","","","USD","1","",""
"20180406","102912","LMT","T 2 1/4 03/31/21","-100000","99.48047","0","99480.47","-99459.72","0","-74.218","","SELL","BARCBONDG","","USD","1","",""
"20180406","103311","LMT","T 2 1/4 03/31/21","100000","99.53125","","-99531.25","99551.25","0","23.438","","BUY","","","USD","1","",""
"20180406","103311","LMT","T 2 1/4 03/31/21","100000","99.53125","0","-99531.25","99551.25","0","23.438","","BUY","BARCBONDG","","USD","1","",""
"20180406","103311","LMT","T 2 1/4 03/31/21","-100000","99.49609","","99496.09","-99475.34","0","-58.598","","SELL","","","USD","1","",""
"20180406","103311","LMT","T 2 1/4 03/31/21","-100000","99.49609","0","99496.09","-99475.34","0","-58.598","","SELL","BARCBONDG","","USD","1","",""
"20180406","103826","LMT","T 2 1/4 03/31/21","-100000","99.49609","","99496.09","-99475.34","0","-58.598","","SELL","","","USD","1","",""
"20180406","103826","LMT","T 2 1/4 03/31/21","-100000","99.49609","0","99496.09","-99475.34","0","-58.598","","SELL","BARCBONDG","","USD","1","",""
"20180406","103826","LMT","T 2 1/4 03/31/21","100000","99.53125","","-99531.25","99551.25","0","23.438","","BUY","","","USD","1","",""
"20180406","103826","LMT","T 2 1/4 03/31/21","100000","99.53125","0","-99531.25","99551.25","0","23.438","","BUY","BARCBONDG","","USD","1","",""
"20180406","104956","LMT","T 2 1/4 03/31/21","-100000","99.51172","","99511.72","-99490.97","0","-42.968","","SELL","","","USD","1","",""
"20180406","104956","LMT","T 2 1/4 03/31/21","-100000","99.51172","0","99511.72","-99490.97","0","-42.968","","SELL","BARCBONDG","","USD","1","",""
"20180406","104956","LMT","T 2 1/4 03/31/21","100000","99.54688","","-99546.88","99566.88","0","7.808","","BUY","","","USD","1","",""
"20180406","104956","LMT","T 2 1/4 03/31/21","100000","99.54688","0","-99546.88","99566.88","0","7.808","","BUY","BARCBONDG","","USD","1","",""
"20180406","105652","LMT","T 2 1/4 03/31/21","100000","99.54688","","-99546.88","99566.88","0","7.808","","BUY","","","USD","1","",""
"20180406","105652","LMT","T 2 1/4 03/31/21","100000","99.54688","0","-99546.88","99566.88","0","7.808","","BUY","BARCBONDG","","USD","1","",""
"20180406","105652","LMT","T 2 1/4 03/31/21","-100000","99.51172","","99511.72","-99490.97","0","-42.968","","SELL","","","USD","1","",""
"20180406","105652","LMT","T 2 1/4 03/31/21","-100000","99.51172","0","99511.72","-99490.97","0","-42.968","","SELL","BARCBONDG","","USD","1","",""
"20180406","105836","LMT","T 2 1/4 03/31/21","100000","99.55859","","-99558.59","99578.59","0","-3.902","","BUY","","","USD","1","",""
"20180406","105836","LMT","T 2 1/4 03/31/21","100000","99.55859","0","-99558.59","99578.59","0","-3.902","","BUY","BARCBONDG","","USD","1","",""
"20180406","105836","LMT","T 2 1/4 03/31/21","-100000","99.52344","","99523.44","-99502.69","0","-31.248","","SELL","","","USD","1","",""
"20180406","105836","LMT","T 2 1/4 03/31/21","-100000","99.52344","0","99523.44","-99502.69","0","-31.248","","SELL","BARCBONDG","","USD","1","",""
"20180409","080015","LMT","T 2 1/4 03/31/21","100000","99.51172","","-99511.72","99531.72","0","-11.72","","BUY","","","USD","1","",""
"20180409","080015","LMT","T 2 1/4 03/31/21","100000","99.51172","0","-99511.72","99531.72","0","-11.72","","BUY","BARCBONDG","","USD","1","",""
"20180409","080015","LMT","T 2 1/4 03/31/21","-100000","99.47656","","99476.56","-99455.81","0","-23.44","","SELL","","","USD","1","",""
"20180409","080015","LMT","T 2 1/4 03/31/21","-100000","99.47656","0","99476.56","-99455.81","0","-23.44","","SELL","BARCBONDG","","USD","1","",""
"20180409","101450","LMT","T 2 1/4 03/31/21","-100000","99.45703","","99457.03","-99436.28","0","-42.97","","SELL","","","USD","1","",""
"20180409","101450","LMT","T 2 1/4 03/31/21","-100000","99.45703","0","99457.03","-99436.28","0","-42.97","","SELL","BARCBONDG","","USD","1","",""
"20180409","101450","LMT","T 2 1/4 03/31/21","100000","99.49219","","-99492.19","99512.19","0","7.81","","BUY","","","USD","1","",""
"20180409","101450","LMT","T 2 1/4 03/31/21","100000","99.49219","0","-99492.19","99512.19","0","7.81","","BUY","BARCBONDG","","USD","1","",""
"20180409","101815","LMT","T 2 1/4 03/31/21","-100000","99.45312","","99453.12","-99432.37","0","-46.88","","SELL","","","USD","1","",""
"20180409","101815","LMT","T 2 1/4 03/31/21","-100000","99.45312","0","99453.12","-99432.37","0","-46.88","","SELL","BARCBONDG","","USD","1","",""
"20180409","101815","LMT","T 2 1/4 03/31/21","100000","99.48828","","-99488.28","99508.28","0","11.72","","BUY","","","USD","1","",""
"20180409","101815","LMT","T 2 1/4 03/31/21","100000","99.48828","0","-99488.28","99508.28","0","11.72","","BUY","BARCBONDG","","USD","1","",""
"20180409","102950","LMT","T 2 1/4 03/31/21","100000","99.48047","","-99480.47","99500.47","0","19.53","","BUY","","","USD","1","",""
"20180409","102950","LMT","T 2 1/4 03/31/21","100000","99.48047","0","-99480.47","99500.47","0","19.53","","BUY","BARCBONDG","","USD","1","",""
"20180409","102950","LMT","T 2 1/4 03/31/21","-100000","99.44531","","99445.31","-99424.56","0","-54.69","","SELL","","","USD","1","",""
"20180409","102950","LMT","T 2 1/4 03/31/21","-100000","99.44531","0","99445.31","-99424.56","0","-54.69","","SELL","BARCBONDG","","USD","1","",""
"20180409","103525","LMT","T 2 1/4 03/31/21","100000","99.46875","","-99468.75","99488.75","0","31.25","","BUY","","","USD","1","",""
"20180409","103525","LMT","T 2 1/4 03/31/21","100000","99.46875","0","-99468.75","99488.75","0","31.25","","BUY","BARCBONDG","","USD","1","",""
"20180409","103525","LMT","T 2 1/4 03/31/21","-100000","99.43359","","99433.59","-99412.84","0","-66.41","","SELL","","","USD","1","",""
"20180409","103525","LMT","T 2 1/4 03/31/21","-100000","99.43359","0","99433.59","-99412.84","0","-66.41","","SELL","BARCBONDG","","USD","1","",""
"20180409","103950","LMT","T 2 1/4 03/31/21","100000","99.46875","","-99468.75","99488.75","0","31.25","","BUY","","","USD","1","",""
"20180409","103950","LMT","T 2 1/4 03/31/21","100000","99.46875","0","-99468.75","99488.75","0","31.25","","BUY","BARCBONDG","","USD","1","",""
"20180409","103951","LMT","T 2 1/4 03/31/21","-100000","99.43359","","99433.59","-99412.84","0","-66.41","","SELL","","","USD","1","",""
"20180409","103951","LMT","T 2 1/4 03/31/21","-100000","99.43359","0","99433.59","-99412.84","0","-66.41","","SELL","BARCBONDG","","USD","1","",""
"20180409","105732","LMT","T 2 1/4 03/31/21","100000","99.47266","","-99472.66","99492.66","0","27.34","","BUY","","","USD","1","",""
"20180409","105732","LMT","T 2 1/4 03/31/21","100000","99.47266","0","-99472.66","99492.66","0","27.34","","BUY","BARCBONDG","","USD","1","",""
"20180409","105732","LMT","T 2 1/4 03/31/21","-100000","99.4375","","99437.5","-99416.75","0","-62.5","","SELL","","","USD","1","",""
"20180409","105732","LMT","T 2 1/4 03/31/21","-100000","99.4375","0","99437.5","-99416.75","0","-62.5","","SELL","BARCBONDG","","USD","1","",""
"20180409","110436","LMT","T 2 1/4 03/31/21","100000","99.47656","","-99476.56","99496.56","0","23.44","","BUY","","","USD","1","",""
"20180409","110436","LMT","T 2 1/4 03/31/21","100000","99.47656","0","-99476.56","99496.56","0","23.44","","BUY","BARCBONDG","","USD","1","",""
"20180409","110436","LMT","T 2 1/4 03/31/21","-100000","99.44141","","99441.41","-99420.66","0","-58.59","","SELL","","","USD","1","",""
"20180409","110436","LMT","T 2 1/4 03/31/21","-100000","99.44141","0","99441.41","-99420.66","0","-58.59","","SELL","BARCBONDG","","USD","1","",""
"20180409","110808","LMT","T 2 1/4 03/31/21","-100000","99.44531","","99445.31","-99424.56","0","-54.69","","SELL","","","USD","1","",""
"20180409","110808","LMT","T 2 1/4 03/31/21","-100000","99.44531","0","99445.31","-99424.56","0","-54.69","","SELL","BARCBONDG","","USD","1","",""
"20180409","110808","LMT","T 2 1/4 03/31/21","100000","99.48047","","-99480.47","99500.47","0","19.53","","BUY","","","USD","1","",""
"20180409","110808","LMT","T 2 1/4 03/31/21","100000","99.48047","0","-99480.47","99500.47","0","19.53","","BUY","BARCBONDG","","USD","1","",""
"20180409","111932","LMT","T 2 1/4 03/31/21","100000","99.48438","","-99484.38","99504.38","0","15.62","","BUY","","","USD","1","",""
"20180409","111932","LMT","T 2 1/4 03/31/21","100000","99.48438","0","-99484.38","99504.38","0","15.62","","BUY","BARCBONDG","","USD","1","",""
"20180409","111932","LMT","T 2 1/4 03/31/21","-100000","99.44922","","99449.22","-99428.47","0","-50.78","","SELL","","","USD","1","",""
"20180409","111932","LMT","T 2 1/4 03/31/21","-100000","99.44922","0","99449.22","-99428.47","0","-50.78","","SELL","BARCBONDG","","USD","1","",""
"20180409","151103","LMT","T 2 1/4 03/31/21","-100000","99.47656","","99476.56","-99455.81","0","-23.44","","SELL","","","USD","1","",""
"20180409","151103","LMT","T 2 1/4 03/31/21","-100000","99.47656","0","99476.56","-99455.81","0","-23.44","","SELL","BARCBONDG","","USD","1","",""
"20180409","151103","LMT","T 2 1/4 03/31/21","100000","99.51172","","-99511.72","99531.72","0","-11.72","","BUY","","","USD","1","",""
"20180409","151103","LMT","T 2 1/4 03/31/21","100000","99.51172","0","-99511.72","99531.72","0","-11.72","","BUY","BARCBONDG","","USD","1","",""
"20180409","151648","LMT","T 2 1/4 03/31/21","-2000","99.48438","","1989.69","-1983.94","0","-0.31","","SELL","","","USD","1","",""
"20180409","151648","LMT","T 2 1/4 03/31/21","-2000","99.48438","0","1989.69","-1983.94","0","-0.31","","SELL","BARCBONDG","","USD","1","",""
"20180409","151818","LMT","T 2 1/4 03/31/21","-398000","99.48438","","395947.83","-395867.48","0","-62.17","","SELL","","","USD","1","",""
"20180409","151818","LMT","T 2 1/4 03/31/21","-398000","99.48438","0","395947.83","-395867.48","0","-62.17","","SELL","BARCBONDG","","USD","1","",""
"20180409","153728","LMT","T 2 1/4 03/31/21","100000","99.51953","","-99519.53","99539.53","0","-19.53","","BUY","","","USD","1","",""
"20180409","153728","LMT","T 2 1/4 03/31/21","100000","99.51953","0","-99519.53","99539.53","0","-19.53","","BUY","BARCBONDG","","USD","1","",""
"20180418","140957","LMT","T 2 1/4 03/31/21","-100000","99.06641","","99066.41","-99045.66","0","-19.528","","SELL","","","USD","1","",""
"20180418","140957","LMT","T 2 1/4 03/31/21","-100000","99.06641","0","99066.41","-99045.66","0","-19.528","","SELL","BARCBONDG","","USD","1","",""
"20180418","140957","LMT","T 2 1/4 03/31/21","100000","99.10156","","-99101.56","99121.56","0","-15.622","","BUY","","","USD","1","",""
"20180418","140957","LMT","T 2 1/4 03/31/21","100000","99.10156","0","-99101.56","99121.56","0","-15.622","","BUY","BARCBONDG","","USD","1","",""
"20180418","141258","LMT","T 2 1/4 03/31/21","-100000","99.0625","","99062.5","-99041.75","0","-23.438","","SELL","","","USD","1","",""
"20180418","141258","LMT","T 2 1/4 03/31/21","-100000","99.0625","0","99062.5","-99041.75","0","-23.438","","SELL","BARCBONDG","","USD","1","",""
"20180418","141258","LMT","T 2 1/4 03/31/21","100000","99.09766","","-99097.66","99117.66","0","-11.722","","BUY","","","USD","1","",""
"20180418","141258","LMT","T 2 1/4 03/31/21","100000","99.09766","0","-99097.66","99117.66","0","-11.722","","BUY","BARCBONDG","","USD","1","",""
"20180419","080001","LMT","T 2 1/4 03/31/21","100000","99.08203","","-99082.03","99102.03","0","-42.967","","BUY","","","USD","1","",""
"20180419","080001","LMT","T 2 1/4 03/31/21","100000","99.08203","0","-99082.03","99102.03","0","-42.967","","BUY","BARCBONDG","","USD","1","",""
"20180419","080001","LMT","T 2 1/4 03/31/21","100000","99.08203","","-99082.03","99102.03","0","-42.967","","BUY","","","USD","1","",""
"20180419","080001","LMT","T 2 1/4 03/31/21","100000","99.08203","0","-99082.03","99102.03","0","-42.967","","BUY","BARCBONDG","","USD","1","",""
"20180419","080001","LMT","T 2 1/4 03/31/21","-100000","99.04688","","99046.88","-99026.13","0","7.817","","SELL","","","USD","1","",""
"20180419","080001","LMT","T 2 1/4 03/31/21","-100000","99.04688","0","99046.88","-99026.13","0","7.817","","SELL","BARCBONDG","","USD","1","",""
"20180425","111428","LMT","T 2 1/4 03/31/21","1000","98.88672","","-988.87","993.87","0","0.2706","","BUY","","","USD","1","",""
"20180425","111428","LMT","T 2 1/4 03/31/21","1000","98.88672","0","-988.87","993.87","0","0.2706","","BUY","BARCBONDG","","USD","1","",""
"20180425","111428","LMT","T 2 1/4 03/31/21","-1000","98.85156","","988.52","-982.77","0","-0.6206","","SELL","","","USD","1","",""
"20180425","111428","LMT","T 2 1/4 03/31/21","-1000","98.85156","0","988.52","-982.77","0","-0.6206","","SELL","BARCBONDG","","USD","1","",""
"20180509","110015","LMT","T 2 1/4 03/31/21","1000","98.87109","","-988.71","993.71","0","-0.4288","","BUY","","","USD","1","",""
"20180509","110015","LMT","T 2 1/4 03/31/21","1000","98.87109","0","-988.71","993.71","0","-0.4288","","BUY","BARCBONDG","","USD","1","",""
"20180509","110015","LMT","T 2 1/4 03/31/21","-1000","98.83594","","988.36","-982.61","0","0.0788","","SELL","","","USD","1","",""
"20180509","110015","LMT","T 2 1/4 03/31/21","-1000","98.83594","0","988.36","-982.61","0","0.0788","","SELL","BARCBONDG","","USD","1","",""
